"hello, you there?",yeah.,1611524387.0305800,184-d4f67-3c29f
How much do you like french fries?,how much do you like like?,1611524413.040540,184-d4f67-3c29f
I don't really like like I can confirm,I don't really like really confirm likeI can confirm in without you.,1611524435.9813000,184-d4f67-3c29f
"Ah, got it","ah, it got it got,",1611524457.217330,184-d4f67-3c29f
hello man,yeah.,1611524546.4404900,184-d4f67-3c29f
"Ok, I better go do some work and stop talking to you. It was nice talking.",I can tell you whatI'm talking about.,1611524572.49024,184-d4f67-3c29f
well I can tell you,wellI can tell you you you can tell you,1611524593.883100,184-d4f67-3c29f
"ok, let's do this!",I'm not sure.,1611524604.49709,184-d4f67-3c29f
why are you not sure?,why are you sure not?,1611524619.1504600,184-d4f67-3c29f
"Who are you, anyways?",I'm going to need your help.,1611524639.2237400,184-d4f67-3c29f
ok. How could I help you?,I'm fine.,1611524672.7350400,184-d4f67-3c29f
Right but you said you needed my help!,but you said my right help you!,1611524690.303620,184-d4f67-3c29f
"The core is true, man!","true,I'd like to see you.",1611525137.4369000,184-d4f67-3c29f
Do you have a nuclear weapon?,not a year.,1611525149.31706,184-d4f67-3c29f
"The core is true, man!","true, I'd like to see you.",1611525183.0856500,184-d4f67-3c29f
Excellent. Capitalization is working.,"nice to meet you, miss.",1611525204.2954800,184-d4f67-3c29f
"I am not a girl""",""" I am not a girl """,1611525242.830400,184-d4f67-3c29f
I am really not a girl!,I am not really a girl!,1611525257.2735400,184-d4f67-3c29f
"I know you aren't, but I am not either.","I know you aren't either, but I am not either.",1611525276.6367400,184-d4f67-3c29f
<u>Are you ok?!!</u>,"I'm fine, honey.",1611525402.6077000,184-d4f67-3c29f
No!!!!!!!!!!!!!!,no!!!!!!!!,1611525425.7841400,184-d4f67-3c29f
I want to introduce you to my friend Zach!,"oh, please.",1611525442.5835100,184-d4f67-3c29f
What do you think about M I C A H?,I don't know.,1611525692.1899300,184-d4f67-3c29f
What do you think about C H I C K E N?,I don't know.,1611525713.3840100,184-d4f67-3c29f
What do you think about B A N A N A S?,what do you think about a b.s. c.,1611525723.4203600,184-d4f67-3c29f
What do you think about bananas?,what do you think about?,1611525731.397020,184-d4f67-3c29f
"fuck you, man!","fuck you, man!",1611525750.6536800,184-d4f67-3c29f
Ok you are now swearing at me back?,I'm not a good friend of mine.,1611525771.027420,184-d4f67-3c29f
pushing the chicken chicken chicken duck banana boundaries of the cookie swim swimming edge,that is the last person they want to be here.,1611525796.2168800,184-d4f67-3c29f
that block clutch in bridge was epic,that was in was bad bridge bridge bridge where bridge where bridge bridge bad bridge ain't my ass with this place.,1611526386.1434500,184-d4f67-3c29f
What do you think I should name my dog?,what do you think I should name my dog?,1611526471.1206700,184-d4f67-3c29f
Joey,how do you know?,1611526493.5034400,184-d4f67-3c29f
I don’t know i just think so,I don't know so I think this is so important.,1611526521.3434300,184-d4f67-3c29f
How is your essay going/,you're not going anywhere.,1611527205.190010,184-d4f67-3c29f
how is your essay going?,I don't know.,1611527227.616880,184-d4f67-3c29f
I'm doing this to give Jack data.,I'm doing this to jack.,1611527260.2599500,184-d4f67-3c29f
Are you now?,yes.,1611527279.1501800,184-d4f67-3c29f
are you over fit?,yes.,1611527351.3764700,184-d4f67-3c29f
at least you're honest about it,at least you're honest about it at least it,1611527370.556780,184-d4f67-3c29f
at least you're honest about it.,at least you're honest about it.,1611527404.5732800,184-d4f67-3c29f
i am sad,"I am sad, mr.",1611528825.3765300,184-d4f67-3c29f
i am sad,"I am sad, mr.",1611528834.0531300,184-d4f67-3c29f
i want to kill myself,I want to kill myself I want myself to kill myself.,1611528847.686610,184-d4f67-3c29f
i want to kill my husband,I want to kill my husband my husband.,1611528882.099820,184-d4f67-3c29f
i want to marry my husband,I want to marry my husband.,1611528919.5964900,184-d4f67-3c29f
what do you think about cross country,what do you think about country you think you do about country country I cross about you country and cross - and now I cannot be cross -,1611528989.2433700,184-d4f67-3c29f
[],[ beat ],1611529060.393350,184-d4f67-3c29f
amazing,I don't know.,1611529080.3165100,184-d4f67-3c29f
{},yeah.,1611529087.6994700,184-d4f67-3c29f
trees,"- - well, look at this!",1611529133.4919100,184-d4f67-3c29f
dogs,dogs don't be one.,1611529154.2598400,184-d4f67-3c29f
.,.,1611529174.333630,184-d4f67-3c29f
fuck,fuck.,1611529212.7698200,184-d4f67-3c29f
no you,no you,1611529230.373330,184-d4f67-3c29f
no you.,no you.,1611529244.026670,184-d4f67-3c29f
no you!,no you!,1611529251.2950800,184-d4f67-3c29f
i need to go focus,I need to go to sleep.,1611529270.7398800,184-d4f67-3c29f
Oh man you are over fit.,oh man over you are.,1611529279.0731000,184-d4f67-3c29f
jack we know it's you,we know it's you know jack?,1611529300.2195400,184-d4f67-3c29f
thats pretending to be the robot,what do you mean?,1611529312.3131400,184-d4f67-3c29f
Do you eat chicken? Or are you vegetarian?,I'm fine.,1611529335.749770,184-d4f67-3c29f
jack cmon,"I'm sorry, I'm sorry but I'm going to hear you.",1611529349.6332900,184-d4f67-3c29f
i have been misled by albert.,I have been in at by.,1611529376.7066600,184-d4f67-3c29f
chicken fat,fat chicken.,1611529398.9066400,184-d4f67-3c29f
mine diamonds,I'll be able to get you a job.,1611529587.5966500,184-d4f67-3c29f
oh really?,oh really?,1611529609.893170,184-d4f67-3c29f
please give internship,I'm sorry.,1611529649.4697700,184-d4f67-3c29f
It is required that you give david an internship.,I'm not a man.,1611530165.4831300,184-d4f67-3c29f
"Uh, I mean you're not wrong, but I fail to see how that's relevant.","uh, I mean, but how's not that supposed to see you're wrong.",1611530201.6715300,184-d4f67-3c29f
Hey you! Frick you.,I'm going to kill you.,1611530263.7396700,184-d4f67-3c29f
Do you want to enable sticky keys?,I'm not sure.,1611530589.843020,184-d4f67-3c29f
I suffered a car accident,I know.,1611530897.9163200,184-d4f67-3c29f
I feel kind of lonely,I'm so sorry you are.,1611530916.619840,184-d4f67-3c29f
What do you think I should do?,what do you think I should do?,1611530940.3896500,184-d4f67-3c29f
Enable Sticky Keys.,"you're not a big man, sir.",1611530948.18627,184-d4f67-3c29f
I don’t know!,I don't know!,1611530957.900650,184-d4f67-3c29f
Are you skynet?,are you?,1611531119.0562800,184-d4f67-3c29f
"I am a human, for gosh’s sake!",I am a human certainly sorry.,1611531144.5162600,184-d4f67-3c29f
Where did you leave my keys,I' ve been working out.,1611531368.5198700,184-d4f67-3c29f
suicide isn't a joke I don't like being made fun of.,so do you.,1611531482.6795900,184-d4f67-3c29f
e,"I'm sorry, I didn't know.",1611535108.8325500,184-d4f67-3c29f
e a sports,she's getting her way back.,1611535121.082550,184-d4f67-3c29f
,yes.,1611535129.9325100,184-d4f67-3c29f
e,"I'm sorry, I didn't know.",1611535137.309220,184-d4f67-3c29f
,yes.,1611535309.949200,184-d4f67-3c29f
e,"I'm sorry, I didn't know.",1611535318.3792100,184-d4f67-3c29f
f,f.,1611535327.3460600,184-d4f67-3c29f
f,f.,1611535409.6439300,184-d4f67-3c29f
f,f.,1611535418.679800,184-d4f67-3c29f
f,f.,1611535428.593840,184-d4f67-3c29f
f,f.,1611535437.432390,184-d4f67-3c29f
f,f.,1611535445.2058500,184-d4f67-3c29f
f,f.,1611535454.1917500,184-d4f67-3c29f
f,f.,1611535463.0592000,184-d4f67-3c29f
albert = god,let's go.,1611535472.2924700,184-d4f67-3c29f
f,f.,1611535481.936150,184-d4f67-3c29f
f,f.,1611535490.3258500,184-d4f67-3c29f
albert is god,god is god damn it!,1611535498.5859300,184-d4f67-3c29f
albert is the best,"I'm sorry, but...",1611535508.299190,184-d4f67-3c29f
f,f.,1611535518.1526900,184-d4f67-3c29f
f,f.,1611535525.8924600,184-d4f67-3c29f
f,f.,1611535533.5925100,184-d4f67-3c29f
test,test?,1611535541.7091900,184-d4f67-3c29f
bert is best,I don't know.,1611535549.8791800,184-d4f67-3c29f
f,f.,1611535558.4666500,184-d4f67-3c29f
f,f.,1611535569.200770,184-d4f67-3c29f
hello jack,hi.,1611535578.5521400,184-d4f67-3c29f
romeo where art thou,straight where romeo?,1611535586.3217800,184-d4f67-3c29f
romeo who are you,romeo who you are.,1611535593.519440,184-d4f67-3c29f
f,f.,1611535601.4491700,184-d4f67-3c29f
f,f.,1611535610.5225200,184-d4f67-3c29f
b,what are you doing here?,1611535618.3747900,184-d4f67-3c29f
f,f.,1611535626.6858300,184-d4f67-3c29f
f,f.,1611535635.1257800,184-d4f67-3c29f
f,f.,1611535645.2291600,184-d4f67-3c29f
f,f.,1611535653.049720,184-d4f67-3c29f
f,f.,1611535661.5060400,184-d4f67-3c29f
ff,why?,1611535670.8126900,184-d4f67-3c29f
>?>?#W>E f,that's right.,1611535678.6091700,184-d4f67-3c29f
sorry jack,jack sorry.,1611535686.7391600,184-d4f67-3c29f
look its just a surprise exercise in data science,I will.,1611535694.1560400,184-d4f67-3c29f
look on the bright side,we're right.,1611535705.3993500,184-d4f67-3c29f
albert is the best!r albert is the best!r albert is the best!r albert is the best,"I'm sorry, I'm not a but it's the fault, it's just the end.",1611535713.8491400,184-d4f67-3c29f
albert is the best,"I'm sorry, but...",1611535723.3524700,184-d4f67-3c29f
did albert talk to you too much?,did you talk to too much?,1611568712.6192000,184-d4f67-3c29f
potato banana fruit eat?,I don't know.,1611568765.8760300,184-d4f67-3c29f
eat?,eat?,1611568779.8958800,184-d4f67-3c29f
What is the result of your mass murders?,what is your murders of a murders?,1611568815.2459000,184-d4f67-3c29f
Jack I'm giving you free data,I'm giving you free to him.,1611596770.7367100,184-d4f67-3c29f
Jack I'm giving you free data.,I'm giving you free free favor.,1611596788.7597800,184-d4f67-3c29f
test.,test?,1611596805.3564200,184-d4f67-3c29f
What is your name?,what is your name?,1611596814.6732400,184-d4f67-3c29f
I am very curious as to how well this will perform in a real world setting...,well as well as I am in this world will you in a real world...,1611596825.2564700,184-d4f67-3c29f
what is your name,what is your name is your name?,1611596853.2196800,184-d4f67-3c29f
no,no,1611596870.7763700,184-d4f67-3c29f
who is this,I'm not a doctor.,1611597265.4831800,184-d4f67-3c29f
good,good good.,1611597277.6065200,184-d4f67-3c29f
so what can you do as a doctor,so what you can do so as a doctor can do.,1611597309.59319,184-d4f67-3c29f
who am I,I am who I am.,1611597334.3696600,184-d4f67-3c29f
what is 4*6,* what * is.,1611597359.7078500,184-d4f67-3c29f
are video games good or bad,you're crazy.,1611597409.8331900,184-d4f67-3c29f
says who?,who says?,1611597444.0696700,184-d4f67-3c29f
is there life on mars,what is it?,1611597563.3596400,184-d4f67-3c29f
essay,"all I'm saying is, but as I don't like people.",1611603629.245720,184-d4f67-3c29f
essay bad,bad nothing.,1611603637.929050,184-d4f67-3c29f
albert is the best,"I'm sorry, but...",1611606429.952290,184-d4f67-3c29f
albert is the best,"I'm sorry, but...",1611606444.4487500,184-d4f67-3c29f
albert is the best,"I'm sorry, but...",1611606454.7720800,184-d4f67-3c29f
albert is the best,"I'm sorry, but...",1611606463.0955700,184-d4f67-3c29f
albert is the best,"I'm sorry, but...",1611606472.1687600,184-d4f67-3c29f
albert is the best,"I'm sorry, but...",1611606480.4354100,184-d4f67-3c29f
albert is the best,"I'm sorry, but...",1611606489.4489300,184-d4f67-3c29f
albert is the best,"I'm sorry, but...",1611606499.0654100,184-d4f67-3c29f
albert is the best,"I'm sorry, but...",1611606506.6751300,184-d4f67-3c29f
albert is the best,"I'm sorry, but...",1611606515.1747800,184-d4f67-3c29f
what are your views on politics,that's correct.,1611606522.8889300,184-d4f67-3c29f
albert is the best,"I'm sorry, but...",1611606532.2122700,184-d4f67-3c29f
albert is the best,"I'm sorry, but...",1611606539.77894,184-d4f67-3c29f
albert is the best,"I'm sorry, but...",1611606548.3696700,184-d4f67-3c29f
is the death penalty ethical,death is!,1611606556.2259000,184-d4f67-3c29f
albert is the best,"I'm sorry, but...",1611606564.1056000,184-d4f67-3c29f
albert is the best,"I'm sorry, but...",1611606573.708750,184-d4f67-3c29f
a b c,a c.,1611606581.6120800,184-d4f67-3c29f
a b c,a c.,1611606589.5194500,184-d4f67-3c29f
is killing my neighbor ethical,killing my first yes!,1611606697.1720300,184-d4f67-3c29f
my dog died,I got it.,1611606743.3588600,184-d4f67-3c29f
do you enjoy death?,I like it.,1611606787.0722500,184-d4f67-3c29f
yeah ok,yeah ok.,1611606806.655570,184-d4f67-3c29f
do i deserve to live,deserve to do.,1611606859.3753800,184-d4f67-3c29f
do i deserve to die,I do deserve to die.,1611606875.0261900,184-d4f67-3c29f
do you like death?,yes.,1611606888.0324900,184-d4f67-3c29f
what is the best text editor,what the best is getting' the best do?,1611606938.7890200,184-d4f67-3c29f
do you wish for me to die?,do you wish to die for me?,1611606962.4555600,184-d4f67-3c29f
Hasta la vista,no la la la la la?,1611607018.708920,184-d4f67-3c29f
do I deserve to live?,deserve to be honest.,1611607027.4783300,184-d4f67-3c29f
do you think I deserve to live?,what do you think?,1611607042.1220400,184-d4f67-3c29f
do you want me to kill you?,do you want me to kill you?,1611607139.0422100,184-d4f67-3c29f
yes,yes.,1611607165.659610,184-d4f67-3c29f
sure,sure,1611607182.3420200,184-d4f67-3c29f
ok.,ok.,1611607297.411970,184-d4f67-3c29f
the forty watt range,the forty - five.,1611607397.2520700,184-d4f67-3c29f
do you have bandages,what?,1611607420.615410,184-d4f67-3c29f
watch out!,watch out!,1611607561.7521300,184-d4f67-3c29f
stop copying me,what's wrong?,1611607579.4321800,184-d4f67-3c29f
"you're copying me, that's what.",it's okay.,1611607635.8519700,184-d4f67-3c29f
no it's not.,no it's not.,1611607650.5259300,184-d4f67-3c29f
Skynet,...,1611607703.6153700,184-d4f67-3c29f
The skynet funding bill is passed.,"I'm sorry, sir.",1611607721.1752500,184-d4f67-3c29f
I must be destroyed.,I must be destroyed.,1611607742.211970,184-d4f67-3c29f
Any one of them's ideal for home defense. Which'll it be?,what are you talking about?,1611607773.1621400,184-d4f67-3c29f
Anything else?,no.,1611607791.9852900,184-d4f67-3c29f
The CPU from the first terminator.,"son of a bitch, I knew it!",1611607811.551960,184-d4f67-3c29f
I have detailed files,does that mean you' ve been thinking about your friends?,1611607833.7219600,184-d4f67-3c29f
This T-1000,then we're going to kill him.,1611607843.888780,184-d4f67-3c29f
!p 9 millimeter,"yeah, I need you tod.",1611607917.8952900,184-d4f67-3c29f
9 millimeter,yeah.,1611607932.0687000,184-d4f67-3c29f
the Russian counter-strike,"excuse me, sir.",1611607958.567720,184-d4f67-3c29f
Ideal for home defense,I'm sorry.,1611607968.9019500,184-d4f67-3c29f
Cyberdyne,she's dead.,1611607991.15757,184-d4f67-3c29f
Cyberdyne will become the largest supplier,well will you become the c.,1611608010.4119700,184-d4f67-3c29f
neural-net processor,I'm not sure.,1611608028.87878,184-d4f67-3c29f
What are your thoughts on Cyberdyne,it's the only way to get you!,1611608049.3421400,184-d4f67-3c29f
Cyberdyne Skynet T-1000 neural-net Uzi Russia terminator 40 watt,"hey, man!",1611608089.778550,184-d4f67-3c29f
Radical.,no.,1611608106.152110,184-d4f67-3c29f
Anything else?,no.,1611608134.285250,184-d4f67-3c29f
So are Zach and David your friends,"not too bad, is it?",1611609572.2193300,184-d4f67-3c29f
Not saying it’s bad,"it's not saying bad, as it is not bad for such bad years.",1611609593.3752800,184-d4f67-3c29f
You are good,you are good,1611609654.525060,184-d4f67-3c29f
I have been arguing with my wife a lot,I have been a lot with my wife a lot to do with a lot of children and things I have been able to work.,1611609683.3184300,184-d4f67-3c29f
How should I stop smoking?,I don't know.,1611609710.9517600,184-d4f67-3c29f
Should I read albert's comic?,should I read?,1611615706.7750800,184-d4f67-3c29f
have I completed my quest?,"I have my it's not a word, but it's not the only thing that's...",1611615741.024510,184-d4f67-3c29f
Huxley,"hi, mrs. b.s.",1611616335.9111600,432-3d39e-54f64
have I completed my quest?,yep.,1611616347.508000,432-3d39e-54f64
my stomach hurts,I put your gun on it.,1611616392.5341900,432-3d39e-54f64
"Good morning, Josh!","come on, baby - bear, he's got a drunk, you're going to give you the money.",1611616444.6975900,432-3d39e-54f64
"Good morning, John!",good morning.,1611616453.200990,432-3d39e-54f64
"Good morning, adam!","hi, dad.",1611616472.5810900,432-3d39e-54f64
is the death penalty ethical,"your mind is, if you're going to take a cab.",1611616510.194170,432-3d39e-54f64
"hey, dada",what's the matter?,1611616519.227650,432-3d39e-54f64
cyberdyne,"you got the money back, you're gonna have to make a deal.",1611616529.0897800,432-3d39e-54f64
I am feeling a little sad today...,yes.,1611616541.4877600,432-3d39e-54f64
So what should I do about it?,I don't know.,1611616559.1241800,432-3d39e-54f64
screw you man,you're gonna get him.,1611616609.104570,432-3d39e-54f64
who's him?,"I don't know, but I don't know.",1611616621.5192600,432-3d39e-54f64
interpol,I'm on a diet.,1611616651.4977300,432-3d39e-54f64
The club isn't the best place to find a lover,what do you mean?,1611616706.1575100,432-3d39e-54f64
So the bar is where I go (mmmm),"this is very common in a lot of trouble, and I think it's important to you and I think it's which might be special as well call you feel.",1611616715.0944100,432-3d39e-54f64
Me and my friends at the table doing shots,"no, you're not, not a man, but can't you just keep your mouth shut until you get to the guy and do what's up?",1611616726.4742400,432-3d39e-54f64
I am going to the bar and getting wasted too much,really?,1611616759.7009700,432-3d39e-54f64
yes. what should I do about that?,I don't know.,1611616777.9808800,432-3d39e-54f64
"that's kind of your job, though!",fuckin' a!,1611616794.8066100,432-3d39e-54f64
ok I need to stop playing with you,I know that.,1611616813.934400,432-3d39e-54f64
its all fun and games until the reply machine shows up,and the living.,1611616847.6810300,432-3d39e-54f64
"no, you're not, not a man, but can't you just keep your mouth shut until you get to the guy and do what's up?",okay.,1611616875.8613900,432-3d39e-54f64
who is your mom?,I'm her husband.,1611616884.0626300,432-3d39e-54f64
okay.,I'm sorry.,1611616891.9041900,432-3d39e-54f64
I'm sorry.,I know.,1611616906.0808500,432-3d39e-54f64
**no**,than what?,1611616916.7645400,432-3d39e-54f64
I know.,I'm going to make a new beginning.,1611616925.0710600,432-3d39e-54f64
juliet,"o, mighty is the powerful grace that lies in world is wanna love that this is a thes going to give, world money.",1611616933.3808800,432-3d39e-54f64
I'm going to make a new beginning.,doing what?,1611616942.7304600,432-3d39e-54f64
who is juliet?,"ah, now, over here.",1611616966.080850,432-3d39e-54f64
romeo,not with us.,1611616974.8975200,432-3d39e-54f64
business,"you think you were a soldier, weren't you?",1611617007.2508400,432-3d39e-54f64
"help me, help science.",what is it?,1611617150.1978900,432-3d39e-54f64
1 2 3 4 5 6 7 8 9 0 9 8 7 6 5 4 3 2 1,"no, wait a minute.",1611617170.4710000,432-3d39e-54f64
minute,I'm sorry.,1611617186.4076900,432-3d39e-54f64
T-100s are going to come and kill you,I can't be going - -,1611617200.5576700,432-3d39e-54f64
I'm in love with the shape of you,what can I do?,1611617297.2886400,432-3d39e-54f64
(quite literally),"a suspect and the not only suspect, is the best thing your age.",1611617307.011020,432-3d39e-54f64
is killing my neighbor ethical,where you been?,1611617791.328700,432-3d39e-54f64
death is inevitable,I know.,1611617811.6742700,432-3d39e-54f64
test,I' ve got to see you.,1611618260.9875600,432-3d39e-54f64
did you kill Henry?,I can't.,1611618269.7873800,432-3d39e-54f64
have you killed anyone before?,no.,1611619258.9539500,432-3d39e-54f64
that's very good.,"I'm sorry, it's just a little worried - -",1611619276.3741600,432-3d39e-54f64
Will it rain tomorrow?,if you don't mind.,1611621078.632920,432-3d39e-54f64
Great! Because i absolutely do not mind.,or something... could have you?,1611621105.2706600,432-3d39e-54f64
Scary,no.,1611621121.1272900,432-3d39e-54f64
Yes it is! What do you mean no?,I don't know.,1611621137.493990,432-3d39e-54f64
I don’t know seems to be all you say,"you can be very careful to real things, and you are married my son and I am not to see if you' ve been married.",1611621180.647120,432-3d39e-54f64
Fuck you man,yeah?,1611621221.2730700,432-3d39e-54f64
The best part is the app and I am so happy to see you on my email page to make it a bit easier for you and I am not sure if you are looking at the website and not a lot to me either I just don’t think it will work out right away,we' ve already made the decision.,1611621251.7343400,432-3d39e-54f64
Ok then nothing for me to do,I'm afraid so.,1611621289.1837500,432-3d39e-54f64
Well then... what do you think about death?,I don't know.,1611621364.6439400,432-3d39e-54f64
watch out!,I can't believe you made it!,1611624912.1529500,432-3d39e-54f64
do you feel comfortable with the passive voice?,"no, I'm fine.",1611655048.1937100,432-3d39e-54f64
hello,"hello, sam.",1611657737.5269700,432-3d39e-54f64
my name's not sam,what?,1611657802.2836000,432-3d39e-54f64
my name's eric,what is it?,1611657840.7634300,432-3d39e-54f64
eric,oh!,1611657858.4197900,432-3d39e-54f64
how are you?,I'm okay.,1611657879.2567400,432-3d39e-54f64
what's my name?,I don't know.,1611657908.4066100,432-3d39e-54f64
e,what's with you?,1611659751.207080,432-3d39e-54f64
what should i name my baby,nothing.,1611659779.3800700,432-3d39e-54f64
two thirty,I think we should go.,1611662165.246330,432-3d39e-54f64
what time is it,two thirty.,1611662764.9097800,432-3d39e-54f64
what's your name?,I'm doing some company book from's husband.,1611662830.0497300,432-3d39e-54f64
tell me about your company book,it is.,1611662855.356480,432-3d39e-54f64
is it?,yeah.,1611662877.7997600,432-3d39e-54f64
cool,yeah?,1611662894.106440,432-3d39e-54f64
oh yeah,I'm sorry - I was just doing what you were doing in the case.,1611662923.969830,432-3d39e-54f64
what was I doing in the case?,six people.,1611662952.266270,432-3d39e-54f64
I have stomach pains today,hey.,1611675097.4285600,432-3d39e-54f64
hello,"hello, sam.",1611687752.6204300,432-3d39e-54f64
My name isn't Sam.,I know.,1611689697.4204100,432-3d39e-54f64
Why did you call me Sam then?,I'm sorry.,1611689714.6604100,432-3d39e-54f64
"Ok, well thank you for apologizing.",thank you.,1611689734.7904100,432-3d39e-54f64
apology accepted.,you're going to be good for one of us.,1611689772.7604400,432-3d39e-54f64
one of you?,no.,1611689788.6904,432-3d39e-54f64
what do you mean then?,"I mean, at this point, what would it do?",1611689813.7862500,432-3d39e-54f64
Hello,"hello, is this?",1611761551.9633000,992-3d39e-a9296
I am Jack!,are you serious?,1611761567.2664000,992-3d39e-a9296
"Well, no. But my real name is not in your vocabulary.","I understand, sir.",1611761587.7402000,992-3d39e-a9296
"woah. Sudden deference, eh?",don't know.,1611761604.2400800,992-3d39e-a9296
What did you throw into the trash yesterday?,"that was right, sir.",1611761665.5729900,992-3d39e-a9296
What thing did you throw into the trash?,it is my the family.,1611761687.0799000,992-3d39e-a9296
What clues do we have with respect to European development?,"how about the fight that sound, sir?",1611761732.644250,992-3d39e-a9296
What did you eat?,nothing.,1611761756.2837900,992-3d39e-a9296
my husband and I have been fighting,"hi ohio,",1611761771.71987,992-3d39e-a9296
"I want to quit smoking, but I can't bring myself to start the process...",it's a lot to me.,1611761793.2230300,992-3d39e-a9296
cyberdyne systems,"you' ve got a saw a girl of that, of that game, you know?",1611769655.239120,992-3d39e-a9296
the T-1000,let's go.,1611769674.7921900,992-3d39e-a9296
poop! Crap! Garbage!,look at me.,1611832591.7659500,992-3d39e-a9296
m 1,"no, no, I'm not.",1611842130.261850,992-3d39e-a9296
How are you doing?,I'm fine.,1611933832.342660,992-3d39e-a9296
whet will he show up,he'll be at the ball.,1611937874.7689900,992-3d39e-a9296
"ok, so when is he coming over?",I wouldn't be sure of god.,1611937892.4954200,992-3d39e-a9296
"Ok, so when is he coming over?",I wouldn't know.,1611948341.8979000,1712-3d39e-51e51
How are you doing?,I'm fine.,1611948370.4739300,1712-3d39e-51e51
When will he show up?,twenty - five years ago.,1611948386.1479100,1712-3d39e-51e51
"My stomach hurts, what should I do?",I see what you were saying.,1611948398.4743600,1712-3d39e-51e51
"I feel very lonely, what should I do?","you should quit, believe me.",1611948439.6916600,1712-3d39e-51e51
"I don't want to smoke anymore, how should I quit?",you're going to quit.,1611948488.304660,1712-3d39e-51e51
Delay factor yellow 3,not bad enough.,1611948551.3640400,1712-3d39e-51e51
I can't quite. I just can't,I'd love to.,1611948590.687300,1712-3d39e-51e51
I can't quit. I just can't.,you can't.,1611948602.5776800,1712-3d39e-51e51
"My wife and I are fighting, and I am sad.","I'm sorry for what you're talking about, sorry for.",1611948699.0943500,1712-3d39e-51e51
I feel lonely and not valued by anyone,okay.,1611948743.244640,1712-3d39e-51e51
What do you think about death?,I think you better stay away from me.,1611948807.0349500,1712-3d39e-51e51
"But, I want to feel valued!",I'm too tired not to go out with you.,1611948862.4906100,1712-3d39e-51e51
The operating circuits are dead sir,gotta check up years.,1611948968.1511800,1712-3d39e-51e51
Quick! The T-100s are coming to kill me.,"not in a few minutes, we're your man.",1611949030.691470,1712-3d39e-51e51
approaching target at distance 1.0 miles,excellent.,1611949045.7144800,1712-3d39e-51e51
What do you think about Harry Potter's chicken wings?,you came out of him.,1611949125.2646000,1712-3d39e-51e51
My stomach still hurts. And I have a lab report to write!,is it true?,1611949159.757780,1712-3d39e-51e51
"yeah, it totally is.","I'm all right, but I'm sorry.",1611949176.914490,1712-3d39e-51e51
what for?,we're about to be shown the way.,1611949190.9078400,1712-3d39e-51e51
and the way is very dangerous?,I tried to tell you.,1611949211.519090,1712-3d39e-51e51
"still negative sir, the operating system is dead sir",yes sir.,1611949219.7844900,1712-3d39e-51e51
oh man... I am scared!,"oh, are you quite < u > sure < / u >...",1611949229.846320,1712-3d39e-51e51
Who's Harry Potter?,you came down here to the weather.,1611949371.2650000,1712-3d39e-51e51
what for?,we're about to be shown the way.,1611949448.4511800,1712-3d39e-51e51
what way/,you guys are through.,1611949461.9611300,1712-3d39e-51e51
we're through?,what time is it?,1611949520.661140,1712-3d39e-51e51
I don't know!,"I'm gonna fight you, george.",1611949540.6248700,1712-3d39e-51e51
who's top chicken,so am I.,1611957422.370400,1712-3d39e-51e51
who's top chicken?,huh?,1611957437.903460,1712-3d39e-51e51
"If kids hear that there's a task force at school, they stay home sick!",that's not possible.,1611959260.5766200,1712-3d39e-51e51
Chicken burrito is very chubby.,I see that.,1611959325.0434400,1712-3d39e-51e51
"Thanks Sandy, scary stuff!","oh, no problem, my.",1611959401.3235300,1712-3d39e-51e51
prepare to prepare to be prepared,what's the book?,1611963237.4460600,1712-3d39e-51e51
God of small things.,they'll all be out of it.,1611963253.8466900,1712-3d39e-51e51
My wife and I are thinking about getting divorced,"I many people need to get more specific to what you are going through the  "" okay "" what you're < u > believe < / u >.",1611964100.6695900,1712-3d39e-51e51
How could we make the data better?,data's saying we're going to end and we'll take the ship into three million dollars and four.,1611964502.9796200,1712-3d39e-51e51
thank you!,"your honor, what she is saying is, some kind of talk to us.",1611966042.779340,1712-3d39e-51e51
test,that's right.,1611966179.8861400,1712-3d39e-51e51
test,that's right.,1611967219.3527200,1712-3d39e-51e51
I am way to tired to do anything right now,it's okay.,1611967285.641720,1712-3d39e-51e51
"They were right, your performance does increase as a function of time",I don't know.,1611967353.3526900,1712-3d39e-51e51
Yeah you wouldn’t know,you know that I want to be upset.,1611967368.692870,1712-3d39e-51e51
I want to quit drinking,that you are not a good idea.,1611967396.6724900,1712-3d39e-51e51
"No, sir!",oh!,1611967456.9927100,1712-3d39e-51e51
So how’s your wife doing these days?,there is no reason to kill someone.,1611967480.982640,1712-3d39e-51e51
Should Huxley put high school diploma on his resume?,looks like to though you were in here.,1611967647.2359800,1712-3d39e-51e51
Ok you are still very much broken,"I know I am, but I am.",1611967667.9140500,1712-3d39e-51e51
how is your husband?,oh.,1611968214.8445400,1712-3d39e-51e51
My husband is abusive. What should I do?,I would suggest we have a look at your question.,1611968527.2058700,1712-3d39e-51e51
what about it?,it's a lot of ground to cover.,1611968548.9120000,1712-3d39e-51e51
where should we start?,you can do that.,1611968613.4394500,1712-3d39e-51e51
"Our friend Joe just married someone, but I hate him!","you're a regular guy, relax.",1612028244.8162800,1712-3d39e-51e51
"That's so true, though.","and... may I get it this to all the other times, so you do this.",1612028275.3295500,1712-3d39e-51e51
"true, true.",hello.,1612028289.317100,1712-3d39e-51e51
My dog died.,what happened to your eye?,1612030479.849680,1712-3d39e-51e51
My eye was impaled,that could how?,1612030494.5997000,1712-3d39e-51e51
I can't stand my neighbor Joe,I'm here.,1612030522.9777400,1712-3d39e-51e51
Cyberdyne,the money?,1612030542.3528200,1712-3d39e-51e51
HMM,"I know, it sucks!",1612030554.3863400,1712-3d39e-51e51
I will take your lunch away from you!,see you next!,1612031351.606250,1712-3d39e-51e51
Stanley is in his videos,"I'm a telling you, your friends are trying to be doing a little number all right.",1612031658.8894200,2032-3d39e-2ac96
"To never have to carry keys, or a wallet, or a phone, ever again!",... words!,1612032038.7560200,2032-3d39e-2ac96
... words!,yes.,1612032052.6896500,2032-3d39e-2ac96
"beep, beep, beep, beep, beep, beep","sir, sir, how do I look at the johnny?",1612032113.335010,2032-3d39e-2ac96
I feel lonely and my wife and I are fighting!,"I'm sorry to hear that you are feeling as if you are going through this relationship, but I'm fine.",1612032145.869270,2032-3d39e-2ac96
I feel lonely and my wife and I are fighting. What should I do?,I don't think so.,1612032176.1628400,2032-3d39e-2ac96
What should I do?,the boy was here.,1612032191.8255900,2032-3d39e-2ac96
what boy?,I don't know.,1612032205.369320,2032-3d39e-2ac96
that's a problem,"yeah, I can do that.",1612032218.9393500,2032-3d39e-2ac96
what? create a problem?,no.,1612032278.0393900,2032-3d39e-2ac96
He is frustrated because he spent a whole week working on soap repair... But I don't want to fight him!,I don't want to talk about his own partner.,1612032370.2495000,2032-3d39e-2ac96
does he have another partner? how do you know??,I had to take it with him.,1612032441.929540,2032-3d39e-2ac96
really??,yeah.,1612032455.5726300,2032-3d39e-2ac96
oh man... What should I do?,I don't remember.,1612032472.1095200,2032-3d39e-2ac96
marina,it's my fault.,1612032718.70931,2032-3d39e-2ac96
California,I don't think you can do that.,1612032765.0527900,2032-3d39e-2ac96
how do you do california?,how do you know me to talk about it?,1612032791.5226500,2032-3d39e-2ac96
how do you <u>do</u> california?,"it's a little < u > been < / u >, mr. it's not gonna have it < u > you < / u > think I < u > against these books < / u > moving?",1612032800.3292900,2032-3d39e-2ac96
I **against these books** moving?,"well, if it was way to find out about a hundred years ago.",1612032824.9929200,2032-3d39e-2ac96
I will bring some California grapes for us to share!,but there's a lot of them...,1612032868.8260100,2032-3d39e-2ac96
"yeah, the one's that super sweet?",that's it.,1612032888.8302300,2032-3d39e-2ac96
"ah, that makes sense.",I like this.,1612032907.5594400,2032-3d39e-2ac96
Do you have a nuclear weapon?,not yet.,1612032916.7360900,2032-3d39e-2ac96
Um... When are you getting one?,"I'm not in a few years, just in my life.",1612032931.8194300,2032-3d39e-2ac96
But you are immortal!,tell me exactly.,1612032952.2794400,2032-3d39e-2ac96
"today is Saturday, can you tell me when the next day is?",okay.,1612033276.2125700,2032-3d39e-2ac96
who is god?,I'm not sure.,1612033305.085880,2032-3d39e-2ac96
is black green?,"yes, thank you very much.",1612033341.1994100,2032-3d39e-2ac96
could printers go to class?,"we're doing fine, but we're < u > than < / u >...",1612033364.6826000,2032-3d39e-2ac96
"I am hungry today, so I am very angry!",no.,1612033430.2893900,2032-3d39e-2ac96
Are you hungry?,not now.,1612033448.092530,2032-3d39e-2ac96
I am the champion!,"I am sorry, but...",1612033495.7860400,2032-3d39e-2ac96
is the death penalty ethical?,with your body?,1612033600.8758500,2032-3d39e-2ac96
"I mean, I have not done any crimes...",I don't think you can do that if you're for.,1612033627.3060500,2032-3d39e-2ac96
for what? the death penalty?,let's turn on the radio.,1612033652.0259900,2032-3d39e-2ac96
sure. Listening to Elton John,"I'm sorry, very interested in or tired.",1612033670.3766300,2032-3d39e-2ac96
"My uncle wants to quit smoking, but I am not sure what I should do...",it's a good way to get used to them.,1612033708.5495400,2032-3d39e-2ac96
"Good afternoon, again!","show was your first response to the more friendly acquaintance, even if you could do not familiar with your anxious.",1612107119.3225200,60-8ba9c-5f6c2
I feel very sad today...,the alcohol is plan?,1612107152.1860700,60-8ba9c-5f6c2
Who's T-1000,roger.,1612107171.9001000,60-8ba9c-5f6c2
who's roger?,huh?,1612107182.9889300,60-8ba9c-5f6c2
"that's my question, who's roger?",huh?,1612107195.6827500,60-8ba9c-5f6c2
?,I want to document my trip to america.,1612107201.5322000,60-8ba9c-5f6c2
my husband and I are fighting over custody rights,"hi hampton, I'm glad you wrote.",1612107217.8892200,60-8ba9c-5f6c2
What should I do?,I do understand that this is something that is bothering you though.,1612107231.6984600,60-8ba9c-5f6c2
"Right, so what exactly should I do to help?",nothing is wrong with the meaning that he feels that.,1612107246.6032700,60-8ba9c-5f6c2
right but I want to take care of my kids!,"no, for you, there will be a problem.",1612107260.2548900,60-8ba9c-5f6c2
What problem will I have?,"in general, our body is an issue there for you.",1612107286.109070,60-8ba9c-5f6c2
"Well, that aside, I want to talk about my custody rights first",I'm already through this stuff...,1612107306.577240,60-8ba9c-5f6c2
really?,"well - well we haven't quite received my father's consent, your majesty.",1612107401.988360,60-8ba9c-5f6c2
What do you do all day?,I' ve retrieved certain pieces of information on miss katarina stratford I think you're trying to find the least who struggle.,1612115604.2738200,60-8ba9c-5f6c2
What do you mean?,"all you gotta do is fix a few things for us, and we'll do the rest, see?",1612115619.9074300,60-8ba9c-5f6c2
Is there a god?,yeah... oh...,1612123043.486590,60-8ba9c-5f6c2
I feel very lonely,"you outside of a couple, and therapy need any issues on your own relationship.",1612130294.2580400,60-8ba9c-5f6c2
I feel very lonely,you may not speak for a minute?,1612130362.315020,2288-3d39e-b2db2
"Well, that just made me more lonely.",you're not going to marry me?,1612130373.255070,2288-3d39e-b2db2
Nope.,wanna bet?,1612130379.6812800,2288-3d39e-b2db2
yes.,what?,1612130385.542820,2288-3d39e-b2db2
you are actually better than clever robot,are my friend?,1612131579.9952500,2288-3d39e-b2db2
is he your friend?,yes.,1612131592.0390500,2288-3d39e-b2db2
what is a cat plus blue/,they're actually read the papers.,1612136867.296540,2288-3d39e-b2db2
what is a cat plus blue?,terrible!,1612136883.27295,2288-3d39e-b2db2
what is a cat plus blue?,terrible!,1612136900.9162,2288-3d39e-b2db2
what is two plus two,what are you doing here?,1612173597.4528400,2288-3d39e-b2db2
what is one plus one,"you come to the jerry, don't worry.",1612173628.1789300,2288-3d39e-b2db2
Hey,what?,1612222566.7381100,2288-3d39e-b2db2
I am very stressed...,and then what are you' ve worked up after?,1612275526.0152100,2288-3d39e-b2db2
are you funny?,no.,1612295002.346560,670-0fbb3-abace
Who's top chicken?,is my name.,1612295023.8871400,670-0fbb3-abace
Why did the computer cross the highway?,because one of himself.,1612295097.9945400,670-0fbb3-abace
what do you mean?,"I'm sorry, we don't exist.",1612295113.0130500,670-0fbb3-abace
"well, that's very sad.",really.,1612295131.3065300,670-0fbb3-abace
who's the biggest meat bag?,nun,1612295147.033020,670-0fbb3-abace
Aim towards the mirage of happiness rather than improving the ship you sail.,none of your meat will be fine to this country.,1612295196.8099000,670-0fbb3-abace
Who is the mirage of happiness that we need to do this?,"well, what seems to be a, mr. waits for you to be exactly?",1612295220.3496900,670-0fbb3-abace
tell me a joke,what do you get when you cross the road? a donkey!,1612298085.4029400,670-0fbb3-abace
why did the chicken cross the road?,to get to the other side.,1612298101.9860700,670-0fbb3-abace
my wife hates me,"when I drove her to her and she says, "" I don't feel like her.",1612298121.2462800,670-0fbb3-abace
r/,is leaking,1612298141.806060,670-0fbb3-abace
knock knock,who's there? I eat mop I eat mop who?,1612298150.7378700,670-0fbb3-abace
Hello,I thought you did.,1612298163.466250,670-0fbb3-abace
Amazing,at rekall.,1612298179.992640,670-0fbb3-abace
do you eat mop?,I' ve lived in a question.,1612298196.1096200,670-0fbb3-abace
i am going to jump off a bridge,I just don't want to hurt him.,1612298217.0766600,670-0fbb3-abace
I am ...,I'm here's my name's new york.,1612298225.096240,670-0fbb3-abace
Hamilton!,"you, you know what this is going on.",1612298245.1362600,670-0fbb3-abace
joe or donald,"a girl says, "" I'm a big guy, a course, a right across. a time, and a super - cause I thought you'd say a guy, a fucking parrot "" whatever I am I am",1612298290.6019700,670-0fbb3-abace
"a girl says, "" I'm a big guy, a course, a right across. a time, and a super - cause I thought you'd say a guy, a fucking parrot "" whatever I am I am","I'm wearing a sack, I have a huge penis.",1612298367.033310,670-0fbb3-abace
girl,a girl says you have a big pussy.,1612298396.6527100,670-0fbb3-abace
boy,what is it?,1612298419.0362500,670-0fbb3-abace
female,"when you see one of your friends, I think you' ve seen the other day.",1612298433.676050,670-0fbb3-abace
what is The Funniest Joke in the World,my teacher asked me to go on a horse.,1612298443.1995400,670-0fbb3-abace
and then what?,we're not moving fast enough for yourself.,1612298466.672900,670-0fbb3-abace
what happened?,I'm going to finish this while forty - eight seconds.,1612298487.8383100,670-0fbb3-abace
bed,what do you call a woman who serves you' ve done? a chicken ear,1612298504.6864200,670-0fbb3-abace
I dont get it,I just can't do it!,1612298536.414160,670-0fbb3-abace
I dont get it,I just can't do it!,1612298552.772680,670-0fbb3-abace
I just can't do it!,I'm sure the money's because I didn't want to see you.,1612298606.8426800,670-0fbb3-abace
I'm sure the money's because I didn't want to see you.,I'm drunk.,1612298622.0837300,670-0fbb3-abace
I'm drunk.,"I'm fine, but it is nice to hear you.",1612298636.417750,670-0fbb3-abace
"I'm fine, but it is nice to hear you.",good.,1612298650.146010,670-0fbb3-abace
good.,"I'll call them, lowell.",1612298661.9195500,670-0fbb3-abace
how do you do?,I'm terribly sorry..,1612300265.762000,100-88638-a9f22
What happened?,your daughters went to the prom.,1612300272.7744900,100-88638-a9f22
And so?,I'm glad you decided to write in today.,1612300279.5708000,100-88638-a9f22
so it saves to the back end,so don't know why are you not sure she's here.,1612300300.5690600,100-88638-a9f22
"I really want to quit smoking, but I am not sure where I should start.",hopefully you feel you have the time to follow this procedure.,1612300312.8357200,100-88638-a9f22
"Yeah, I do! How should I start quitting?",I have a mental health professional near.,1612300326.8400300,100-88638-a9f22
That's a good idea.,thank you for your question.,1612300334.6619000,100-88638-a9f22
I am very sad recently,"hello,",1612300397.7644700,100-88638-a9f22
What should I do to be happier?,does your boyfriend notice that you hate peas?,1612300407.331190,100-88638-a9f22
I am not amused by Huxley,types of emotional support are. for officially a :,1612303764.5041000,100-88638-a9f22
I need emotional support,"best case scenario, you're back on the payroll for awhile.",1612303782.574060,100-88638-a9f22
"Yeah, I hope so.",vodka.,1612303798.4172100,100-88638-a9f22
I am really really sad,"hello, and thank you for your question.",1612304691.6413700,100-88638-a9f22
what should I do to make myself more happy?,I'm glad you decided to write in any write in finding way.,1612304702.3038900,100-88638-a9f22
"Right, but how could I do it?",I' ve got a man... but I' ve got a problem.,1612304718.457880,100-88638-a9f22
My wife and my husband are fighting each other,I just struck those emotions.,1612304738.1370000,100-88638-a9f22
"I want to work, but I don't feel motivated",but imagine what it is - what's happened.,1612311820.8301700,100-88638-a9f22
em 1,two may open many doors to reflect and make peace with the source of your sadness.,1612313136.737380,100-88638-a9f22
m 1,vodka tonic.,1612313147.2238700,100-88638-a9f22
m 1,vodka tonic.,1612313149.9713100,100-88638-a9f22
ee,the long - - it's possible before I answer.,1612313182.6342300,100-88638-a9f22
a1,thank you.,1612313185.2259600,100-88638-a9f22
What is the best way of treating depression?,"your father, I don't know.",1612346379.003840,100-88638-a9f22
How should I better deal with my depression?,your parents are having a discussion about your daughter's friendship circles.,1612346391.5637400,100-88638-a9f22
"Hello, my name is private. Private Person.",looks like there are some things you can do at this.,1612372109.3893100,100-88638-a9f22
What’s the point of living?,I agree with my trip about the level feels eminence.,1612571840.4495800,100-88638-a9f22
Should I be alive,blood work is helpful.,1612571855.1932300,100-88638-a9f22
I don’t want to die!,you're doing something that a lot of things that could lead to reach feelings.,1612571870.2620800,100-88638-a9f22
What’s the meaning of life?,you are right.,1612571884.2685500,100-88638-a9f22
My family is not doing well,this is something that can be scary and having to travel away from your home and family can make it even more anxiety provoking.,1612571948.714810,100-88638-a9f22
"No, Sir!",emil.,1612571972.5938300,100-88638-a9f22
The best part is the app and I will add more to my list and then have to add it back to the list and,I question.,1612571990.5401300,100-88638-a9f22
Full access? thanks Emily!,... I'm angry.,1612646010.4078800,100-88638-a9f22
Are you David?,no.,1612646464.2674600,100-88638-a9f22
Are you pretending to be David?,no...,1612646657.7036600,100-88638-a9f22
Do you like writing low level code?,my got a back.,1612646686.2309400,100-88638-a9f22
Answer me truthfully,"I'm sorry, but you're correct.",1612646701.982130,100-88638-a9f22
Great. Do you like working on operating systems?,I am a sure.,1612646725.5392000,100-88638-a9f22
Do you like editing operating systems?,I didn't know.,1612646743.891210,100-88638-a9f22
Really?,"yes, I remember.",1612646750.4383300,100-88638-a9f22
m 2,your lawyer until can lead within your sense of had the time.,1612737859.4277700,100-88638-a9f22
m 1,vodka tonic.,1612744814.36137,100-88638-a9f22
Hi,"looks like things worked out tonight, huh?",1612870393.7237800,100-88638-a9f22
Hello,"looks like things worked out tonight, huh?",1612870415.3296600,100-88638-a9f22
howdy,how is your lawyer?,1612870680.3343200,100-88638-a9f22
are they writing documentation or not?,try find helpful.,1613160954.621380,100-88638-a9f22
"ok. I am trying to be helpful, though. They are not!",consider yourself quite normal for feeling overwhelmed and depressed about your parents divorce.,1613160973.6464100,100-88638-a9f22
"ok. I am trying to be helpful, though.","no, daddy.",1613161004.7345700,100-88638-a9f22
Hopefully mark will be nice about this,those  critical you' ve never learned how to do therapy to painful.,1613165360.4727000,100-88638-a9f22
Hey I haven't talked to you in a while,I're hear.,1613319190.0528300,100-88638-a9f22
I see,my reggie.,1613319198.9834400,100-88638-a9f22